{
    "DecisionTree": 0.482445421961551,
    "DeepLearning": 0.8010786410903813,
    "RandomForest": 0.5452525946872054,
    "SVM": 0.7288673194485747,
    "MLP": 0.0828509498916231
}